<?xml version="1.0" encoding="UTF-8" standalone="no"?>
<manifest xmlns="http://tizen.org/ns/packages" api-version="4.0" package="kr.co.inha.nsl.kobiljon" version="1.0.0">
    <author>Kobiljon</author>
    <profile name="wearable"/>
    <ui-application appid="kr.co.inha.nsl.kobiljon" exec="sastdataprovider" multiple="false" nodisplay="false" taskmanage="true" type="capp">
        <label>SAST Data Provider</label>
        <icon>helloaccessory.png</icon>
        <metadata key="accessory-services-location" value="/res/xml/accessoryservices.xml"/>
        <metadata key="launch-on-attach" value="false"/>
    </ui-application>
    <privileges>
        <privilege>http://developer.samsung.com/tizen/privilege/accessoryprotocol</privilege>
        <privilege>http://tizen.org/privilege/power</privilege>
    </privileges>
    <feature name="http://tizen.org/feature/screen.size.normal">true</feature>
    <feature name="http://tizen.org/feature/screen.shape.circle">true</feature>
</manifest>
